{
  "welcomeFile": "/index.html",
  "authenticationMethod": "route",
  "routes": [
    {
      "source": "^yoursourceapi/(.*)$",
      "target": "yoursourceapi/$1",
      "destination": "yourdestinationanme",
      "authenticationType": "xsuaa",
      "csrfProtection": false
    },
    {
      "source": "^/resources/(.*)$",
      "target": "/resources/$1",
      "authenticationType": "none",
      "destination": "ui5"
    },
    {
      "source": "^/test-resources/(.*)$",
      "target": "/test-resources/$1",
      "authenticationType": "none",
      "destination": "ui5"
    },
    {
      "source": "^(.*)$",
      "target": "$1",
      "service": "html5-apps-repo-rt",
      "authenticationType": "xsuaa"
    },
    {
      "source": "^/comsapecmreuse.comsapecmreusedocumentTable/api(.*)$",
      "target": "$1",
      "authenticationType": "xsuaa",
      "service": "com.sap.ecm.reuse",
      "endpoint": "ecmservice"
    }
  ]
}
